id,inci_name,common_name,also_known_as,category,description,benefits,skin_types,concerns,comedogenic_rating,irritancy,pregnancy_safe,vegan,origin,typical_concentration,ph_range,time_of_use,evidence_level,pairs_well_with,avoid_with
adapalene,Adapalene,Adapalene,Differin,Cell-communicating; Anti-acne; Anti-aging,"A stable, OTC third-generation retinoid that targets acne and refines texture with less irritation.",Clears and prevents acne; Unclogs pores; Smooths texture; Photostable,oily; acne-prone; combination,Initial purging and dryness; Avoid in pregnancy,0,high,avoid,yes,synthetic,0.1-0.3%,,PM,strong,Niacinamide; Hyaluronic Acid; Benzoyl Peroxide; Ceramides,Glycolic Acid; Salicylic Acid; Ascorbic Acid (Vitamin C)
allantoin,Allantoin,Allantoin,Comfrey extract derivative,Soothing; Skin-replenishing,"A gentle, comfrey-derived soother that calms, smooths and promotes skin renewal.",Soothes irritation; Promotes cell turnover; Softens skin; Non-irritating,all; sensitive; dry; acne-prone,Extremely well tolerated,0,low,safe,yes,both,0.1-2%,,AM/PM,moderate,Panthenol; Niacinamide; Centella Asiatica,
aloe-vera,Aloe Barbadensis Leaf Juice,Aloe Vera,Aloe; Aloe Barbadensis,Soothing; Humectant; Antioxidant,"A succulent-derived gel that hydrates, soothes and calms inflamed or sunburned skin.",Soothes and cools; Lightweight hydration; Calms irritation and sunburn; Antioxidant,all; sensitive; oily; acne-prone,Possible allergy in latex-sensitive individuals,0,low,safe,yes,natural,1-50%,,AM/PM,moderate,Hyaluronic Acid; Niacinamide; Centella Asiatica,
alpha-arbutin,Alpha-Arbutin,Alpha Arbutin,Arbutin,Skin-brightening; Antioxidant,"A stable, gentle skin-brightener that inhibits melanin production for an even tone.",Fades dark spots and hyperpigmentation; Evens skin tone; Gentler than hydroquinone,all; sensitive; mature,"Slow, gradual results",0,low,caution,yes,both,1-2%,4.0-7.0,AM/PM,moderate,Niacinamide; Vitamin C; Tranexamic Acid; Hyaluronic Acid,
argan-oil,Argania Spinosa Kernel Oil,Argan Oil,Argania Spinosa; Moroccan oil,Emollient; Antioxidant,A vitamin-E-rich Moroccan oil that softens skin and tames frizz without heaviness.,Softens and conditions; Rich in vitamin E; Antioxidant; Non-greasy,dry; normal; mature,Mildly comedogenic for some,0,low,safe,yes,natural,1-100%,,AM/PM,limited,Vitamin E; Squalane,
argireline,Acetyl Hexapeptide-8,Argireline,Acetyl Hexapeptide-8; Acetyl Hexapeptide-3; Botox in a jar,Anti-aging; Cell-communicating,A neuropeptide that relaxes facial muscle contractions to soften expression lines.,Softens expression lines; Smooths forehead and crow's feet; Non-invasive; Gentle,mature; all; normal,Effects are temporary and subtle,0,low,caution,yes,synthetic,3-10%,,AM/PM,limited,Matrixyl; Hyaluronic Acid; Niacinamide,
ascorbyl-glucoside,Ascorbyl Glucoside,Ascorbyl Glucoside,AA2G; Vitamin C derivative,Antioxidant; Skin-brightening,"A stable, water-soluble vitamin C derivative that converts to ascorbic acid in the skin.",Gentle brightening; Stable vitamin C; Antioxidant; Suits sensitive skin,all; sensitive; normal,Milder and slower than pure LAA,0,low,safe,yes,synthetic,1-5%,5.0-7.0,AM/PM,moderate,Niacinamide; Vitamin E; Ferulic Acid,
astaxanthin,Astaxanthin,Astaxanthin,Algae antioxidant; Haematococcus extract,Antioxidant; Anti-aging,A deep-red algae carotenoid considered one of the most powerful antioxidants in skincare.,Very potent antioxidant; Defends against UV stress; Improves elasticity; Calms,mature; all; normal,Can tint products red; oxidizes,0,low,safe,yes,natural,0.01-0.1%,,AM/PM,moderate,Vitamin C; Vitamin E; Niacinamide,
avobenzone,Butyl Methoxydibenzoylmethane,Avobenzone,Butyl Methoxydibenzoylmethane; Parsol 1789,UV filter,"A chemical filter providing strong UVA protection, usually stabilized by octocrylene.",Strong UVA protection; No white cast; Lightweight,all; oily; combination; normal,Photo-unstable alone; must be stabilized,0,low,caution,yes,synthetic,2-3%,,AM,strong,Octocrylene; Tinosorb S,
azelaic-acid,Azelaic Acid,Azelaic Acid,AzA; Nonanedioic acid,Exfoliant; Skin-brightening; Anti-acne; Soothing,"A multitasking dicarboxylic acid from grains that treats acne, rosacea and pigmentation.",Calms redness and rosacea; Fades post-acne marks; Unclogs pores; Gentle brightening,sensitive; acne-prone; combination; all,Temporary tingling or dryness when starting,1,low,safe,yes,both,10-20%,4.0-5.0,AM/PM,strong,Niacinamide; Hyaluronic Acid; Salicylic Acid,
bakuchiol,Bakuchiol,Bakuchiol,Babchi extract,Antioxidant; Anti-aging; Soothing,A plant-derived retinol alternative that offers similar anti-aging effects without the irritation.,Smooths fine lines; Gentle alternative to retinol; Pregnancy-friendly anti-aging; Calms skin,all; sensitive; mature; dry,Less clinical data than retinol,1,low,caution,yes,natural,0.5-2%,,AM/PM,moderate,Vitamin C; Niacinamide; Hyaluronic Acid; Peptides,
beeswax,Cera Alba,Beeswax,Cera Alba; Cera Flava,Occlusive; Emollient; Thickener,"A natural wax that forms a protective, breathable layer and thickens balms.",Seals in moisture; Thickens balms; Soothing; Protective film,dry; normal; sensitive,Not vegan,2,low,safe,no,natural,1-15%,,AM/PM,moderate,Shea Butter; Squalane,
benzoyl-peroxide,Benzoyl Peroxide,Benzoyl Peroxide,BP; BPO,Anti-acne; Antibacterial,A powerful antibacterial that kills acne-causing bacteria and clears inflammatory breakouts.,Kills acne bacteria; Clears inflammatory acne; Reduces whiteheads; Prevents resistance,oily; acne-prone; combination,Drying and irritating; Bleaches fabrics; Deactivates if layered with vitamin C or retinol,0,high,caution,yes,synthetic,2.5-10%,,AM/PM,strong,Niacinamide; Hyaluronic Acid; Adapalene,Retinol; Ascorbic Acid (Vitamin C); Salicylic Acid
beta-glucan,Beta-Glucan,Beta-Glucan,"1,3-Beta-Glucan; Oat beta glucan",Soothing; Humectant; Antioxidant,"An oat- or yeast-derived polysaccharide that deeply soothes, hydrates and supports healing.",Calms redness and irritation; Deep hydration; Supports wound healing; Antioxidant,sensitive; dry; all; mature,Often cited as gentler and more soothing than hyaluronic acid,0,low,safe,yes,natural,0.1-2%,,AM/PM,moderate,Hyaluronic Acid; Niacinamide; Centella Asiatica,
betaine,Betaine,Betaine,Trimethylglycine,Humectant; Soothing,A sugar-beet-derived humectant and osmolyte that hydrates and calms.,Gentle hydration; Soothes irritation; Improves product texture,all; sensitive; dry,Very well tolerated,0,low,safe,yes,natural,0.5-5%,,AM/PM,moderate,Hyaluronic Acid; Glycerin; Niacinamide,
bisabolol,Bisabolol,Bisabolol,Alpha-Bisabolol; Chamomile derivative,Soothing; Antioxidant,A chamomile-derived active that calms inflammation and boosts the penetration of other ingredients.,Anti-inflammatory; Soothes redness; Antimicrobial; Enhances actives,sensitive; all; acne-prone,Well tolerated,0,low,safe,yes,both,0.1-1%,,AM/PM,moderate,Centella Asiatica; Allantoin; Niacinamide,
butylene-glycol,Butylene Glycol,Butylene Glycol,"BG; 1,3-Butanediol",Humectant; Solvent,A lightweight humectant and solvent that thins formulas and improves slip.,Light hydration; Dissolves actives; Improves texture,all; oily; combination,Rare sensitivity,0,low,safe,yes,synthetic,1-10%,,AM/PM,moderate,Niacinamide; Hyaluronic Acid,
caffeine,Caffeine,Caffeine,"1,3,7-Trimethylxanthine",Antioxidant; Soothing,A vasoconstricting antioxidant popular in eye care for reducing puffiness and dark circles.,Reduces puffiness; Depuffs under-eyes; Antioxidant; Temporarily firms,all; normal; mature,Effects on dark circles are temporary,0,low,safe,yes,both,0.5-3%,,AM,moderate,Niacinamide; Hyaluronic Acid; Vitamin C,
calendula-extract,Calendula Officinalis Extract,Calendula Extract,Marigold; Calendula Officinalis,Soothing; Antioxidant,"A gentle marigold extract traditionally used to calm, soothe and support skin healing.",Soothes irritation; Supports healing; Antioxidant; Gentle for babies,sensitive; dry; all,Possible allergy for Asteraceae-sensitive users,0,low,safe,yes,natural,0.1-5%,,AM/PM,limited,Calendula; Panthenol; Allantoin,
caprylic-capric-triglyceride,Caprylic/Capric Triglyceride,Caprylic/Capric Triglyceride,Fractionated coconut oil; MCT,Emollient; Solvent,"A light, silky emollient from coconut and glycerin that conditions skin and carries actives.",Lightweight conditioning; Smooths skin; Disperses pigments and actives; Antioxidant carrier,all; normal; combination; dry,Mildly comedogenic for very acne-prone skin,1,low,safe,yes,natural,1-30%,,AM/PM,moderate,Squalane; Vitamin E; Tocopherol,
caprylyl-glycol,Caprylyl Glycol,Caprylyl Glycol,"1,2-Octanediol",Humectant; Preservative; Emollient,A multifunctional humectant that conditions skin and boosts preservative efficacy.,Hydrates; Boosts preservation; Softens skin; Improves texture,all; sensitive; dry,Well tolerated,0,low,safe,yes,both,0.3-1.5%,,AM/PM,moderate,Phenoxyethanol; Ethylhexylglycerin,
carbomer,Carbomer,Carbomer,Polyacrylic acid; Carbopol,Thickener; Stabilizer,"A synthetic polymer that creates clear, elegant gels and stabilizes emulsions.",Creates clear gels; Stabilizes formulas; Adjustable thickness; Smooth feel,all,Needs neutralizing base to thicken,0,low,safe,yes,synthetic,0.1-1%,,AM/PM,moderate,Sodium Hydroxide; Triethanolamine,
centella-asiatica,Centella Asiatica Extract,Centella Asiatica (Cica),Cica; Gotu Kola; Tiger grass; Madecassoside source,Soothing; Antioxidant; Skin-replenishing,"A calming herb rich in madecassoside that soothes, heals and strengthens the barrier.",Calms redness and irritation; Speeds healing; Antioxidant; Strengthens barrier,sensitive; acne-prone; all; dry,Very well tolerated,0,low,safe,yes,natural,0.1-5%,,AM/PM,moderate,Niacinamide; Hyaluronic Acid; Panthenol; Retinol,
ceramide-np,Ceramide NP,Ceramide NP,Ceramide 3; Phytosphingosine ceramide,Skin-replenishing; Emollient,A key barrier lipid that replenishes the 'mortar' between skin cells to seal in moisture.,Repairs and strengthens barrier; Reduces moisture loss; Calms sensitivity; Anti-aging,all; dry; sensitive; mature,Works best blended with cholesterol and fatty acids,0,low,safe,varies,both,0.1-1%,,AM/PM,strong,Cholesterol; Fatty acids; Niacinamide; Retinol,
cetearyl-alcohol,Cetearyl Alcohol,Cetearyl Alcohol,Cetostearyl alcohol; Fatty alcohol blend,Emollient; Emulsifier; Thickener,A blend of cetyl and stearyl fatty alcohols that conditions skin and gives creams body.,Softens and conditions; Stabilizes emulsions; Creamy texture; Non-drying,all; dry; normal,Rare contact sensitivity,2,low,safe,yes,both,1-7%,,AM/PM,moderate,Cetyl Alcohol; Glyceryl Stearate,
cetyl-alcohol,Cetyl Alcohol,Cetyl Alcohol,Fatty alcohol; Palmityl alcohol,Emollient; Emulsifier; Thickener,A waxy fatty alcohol (not a drying alcohol) that softens skin and stabilizes creams.,Softens skin; Thickens and stabilizes formulas; Emollient; Non-drying,all; dry; normal,Rare sensitivity; not the same as drying SD alcohol,2,low,safe,yes,both,1-5%,,AM/PM,moderate,Cetearyl Alcohol; Glyceryl Stearate,
chamomile-extract,Chamomilla Recutita Flower Extract,Chamomile Extract,Chamomilla Recutita; Matricaria,Soothing; Antioxidant,A classic calming botanical with bisabolol and antioxidants that reduces redness and irritation.,Calms redness; Soothes sensitive skin; Antioxidant; Anti-inflammatory,sensitive; dry; all,Possible allergy for Asteraceae-sensitive users,0,low,safe,yes,natural,0.1-5%,,AM/PM,limited,Bisabolol; Allantoin; Panthenol,
cholesterol,Cholesterol,Cholesterol,Skin lipid,Skin-replenishing; Emollient,"A natural skin lipid that, alongside ceramides and fatty acids, restores the moisture barrier.",Restores barrier lipids; Softens; Improves elasticity; Works with ceramides,dry; mature; sensitive; all,Best in 3:1:1 ratio with ceramides and fatty acids,0,low,safe,varies,both,0.1-1%,,AM/PM,strong,Ceramide NP; Phytosphingosine; Fatty acids,
citric-acid,Citric Acid,Citric Acid,AHA,Exfoliant; AHA; pH adjuster; Antioxidant,A citrus-derived AHA used both as a mild exfoliant and a common pH adjuster.,Mild exfoliation; Brightens; Adjusts product pH; Antioxidant,normal; oily; combination,Can irritate at high concentrations; Photosensitizing as an exfoliant,0,medium,safe,yes,both,0.1-10%,3.0-4.0,PM,moderate,Hyaluronic Acid; Niacinamide,Retinol
cocamidopropyl-betaine,Cocamidopropyl Betaine,Cocamidopropyl Betaine,CAPB; Coco betaine,Surfactant; Cleansing,"A mild, coconut-derived amphoteric surfactant that cleanses gently and boosts foam.",Gentle cleansing; Rich foam; Reduces harshness of other surfactants; Thickens cleansers,all; sensitive; normal,Possible sensitivity from impurities in some grades,0,low,safe,yes,natural,5-30%,,AM/PM,moderate,Coco-Glucoside; Sodium Cocoyl Isethionate,
coco-glucoside,Coco-Glucoside,Coco-Glucoside,Alkyl polyglucoside; APG,Surfactant; Cleansing,"An ultra-mild, sugar-and-coconut surfactant ideal for sensitive and baby skin.",Very gentle cleansing; Biodegradable; Soft foam; Non-stripping,sensitive; dry; all,Lower foam than sulfates,0,low,safe,yes,natural,2-20%,,AM/PM,moderate,Cocamidopropyl Betaine; Decyl Glucoside,
cocoa-butter,Theobroma Cacao Seed Butter,Cocoa Butter,Theobroma Cacao,Emollient; Occlusive,"A rich, solid plant butter that deeply moisturizes and forms a protective layer on dry skin.",Rich moisture; Protective barrier; Improves elasticity; Great for body,dry; normal,Comedogenic; avoid on acne-prone face,4,low,safe,yes,natural,1-30%,,AM/PM,moderate,Shea Butter; Vitamin E,
coconut-oil,Cocos Nucifera Oil,Coconut Oil,Cocos Nucifera,Emollient; Occlusive,A rich tropical oil with antibacterial lauric acid that deeply moisturizes but clogs acne-prone pores.,Deep moisture; Antibacterial; Softens rough skin; Good for body and hair,dry; normal,Highly comedogenic; avoid on face if acne-prone,4,low,safe,yes,natural,1-100%,,AM/PM,moderate,Shea Butter; Vitamin E,
coenzyme-q10,Ubiquinone,Coenzyme Q10,CoQ10; Ubiquinone,Antioxidant; Anti-aging,A cellular antioxidant that supports energy production and defends against fine lines.,Antioxidant defense; Energizes skin cells; Reduces fine lines; Protects collagen,mature; normal; all,Oxidizes; stabilize well,0,low,safe,yes,both,0.5-1%,,AM/PM,moderate,Vitamin E; Vitamin C; Niacinamide,
colloidal-oatmeal,Avena Sativa (Oat) Kernel Flour,Colloidal Oatmeal,Avena Sativa; Oat extract,Soothing; Humectant,"An FDA-recognized skin protectant that relieves itch, irritation and eczema flares.",Relieves itch and eczema; Soothes irritation; Hydrates; Strengthens barrier,sensitive; dry; all,Avoid if oat-allergic,0,low,safe,yes,natural,0.5-3%,,AM/PM,strong,Ceramides; Glycerin; Beta-Glucan,
copper-tripeptide-1,Copper Tripeptide-1,Copper Peptide (GHK-Cu),GHK-Cu; Copper Peptide,Anti-aging; Cell-communicating; Antioxidant,"A regenerative copper-bound peptide that supports collagen, healing and skin remodeling.",Promotes collagen and elastin; Speeds healing; Improves firmness; Antioxidant,mature; normal; all,May deactivate vitamin C and direct acids if layered together,0,low,caution,yes,synthetic,0.5-2%,,AM/PM,moderate,Hyaluronic Acid; Niacinamide,Ascorbic Acid (Vitamin C); Glycolic Acid; Retinol
decyl-glucoside,Decyl Glucoside,Decyl Glucoside,APG; Sugar surfactant,Surfactant; Cleansing,"A mild, plant-based non-ionic surfactant great for sensitive-skin and baby cleansers.",Very gentle cleansing; Biodegradable; Good foam for a sugar surfactant; Non-stripping,sensitive; dry; all,Higher pH; pair with acids to balance,0,low,safe,yes,natural,2-20%,,AM/PM,moderate,Coco-Glucoside; Cocamidopropyl Betaine,
denatured-alcohol,Alcohol Denat.,Denatured Alcohol,SD Alcohol; Ethanol; Alcohol Denat.,Solvent; Astringent,"A fast-drying 'simple' alcohol used for light textures and penetration, but drying in high amounts.","Quick-dry, weightless finish; Boosts penetration; Helps SPF cosmetics feel light",oily; combination,Drying and potentially barrier-damaging at high levels; Different from fatty alcohols,0,medium,safe,yes,both,1-40%,,AM/PM,moderate,,
dimethicone,Dimethicone,Dimethicone,Silicone; PDMS,Occlusive; Emollient,"A breathable silicone that smooths skin, blurs pores and forms a protective film.",Silky smooth finish; Blurs lines and pores; Protects barrier; Reduces water loss,all; combination; oily; normal,Can feel occlusive; wash off well to avoid buildup,1,low,safe,yes,synthetic,1-15%,,AM/PM,strong,Most actives; Niacinamide,
disodium-edta,Disodium EDTA,Disodium EDTA,EDTA; Chelating agent,Chelator; Stabilizer,A chelating agent that binds metal ions to keep formulas stable and preservatives effective.,Stabilizes formulas; Boosts preservatives; Prevents discoloration; Improves foaming,all,Used at tiny amounts; well tolerated,0,low,safe,yes,synthetic,0.05-0.2%,,AM/PM,moderate,Most preservative systems,
ectoin,Ectoin,Ectoin,Ectoine,Humectant; Soothing; Antioxidant,"A microbe-derived extremolyte that shields skin cells from heat, UV and dehydration stress.",Protects against environmental stress; Long-lasting hydration; Soothes; Anti-aging,sensitive; dry; all; mature,Premium ingredient,0,low,safe,yes,natural,0.5-2%,,AM/PM,moderate,Hyaluronic Acid; Niacinamide; Ceramide NP,
ethylhexylglycerin,Ethylhexylglycerin,Ethylhexylglycerin,EHG,Preservative; Humectant; Deodorant,A gentle preservative-booster and skin conditioner that enhances phenoxyethanol.,Boosts preservative systems; Conditions skin; Mild deodorizing; Reduces preservative load,all; sensitive,Rare sensitivity,0,low,safe,yes,synthetic,0.3-1%,,AM/PM,moderate,Phenoxyethanol; Caprylyl Glycol,
ferulic-acid,Ferulic Acid,Ferulic Acid,Hydroxycinnamic acid,Antioxidant,A plant antioxidant that stabilizes vitamins C and E and amplifies their UV protection.,Boosts vitamin C and E; Neutralizes free radicals; Enhances photoprotection; Anti-aging,all; mature; normal,Oxidizes; needs stable formula,0,low,safe,yes,both,0.5-1%,3.0-5.0,AM,strong,Ascorbic Acid (Vitamin C); Vitamin E; Resveratrol,
fragrance,Parfum,Fragrance,Parfum; Fragrance,Fragrance,Added scent (natural or synthetic) included for sensory appeal but a common irritant.,Improves scent and experience; Masks raw-material odor,normal,A leading cause of contact allergy and irritation; Avoid for sensitive/eczema-prone skin,0,high,caution,varies,both,0.1-1%,,AM/PM,strong,,
gluconolactone,Gluconolactone,Gluconolactone (PHA),PHA; Polyhydroxy Acid,Exfoliant; PHA; Humectant; Antioxidant,A polyhydroxy acid that exfoliates very gently while attracting moisture and offering antioxidant action.,Ultra-gentle exfoliation; Hydrates; Suits sensitive and rosacea-prone skin; Antioxidant,sensitive; dry; all,Slower results than AHAs,0,low,safe,yes,natural,4-10%,3.0-4.0,AM/PM,moderate,Niacinamide; Hyaluronic Acid; Ceramides,
glutathione,Glutathione,Glutathione,GSH; Master antioxidant,Antioxidant; Skin-brightening,A cellular antioxidant tripeptide used topically for brightening and free-radical defense.,Antioxidant defense; Brightens; Supports even tone; Detoxifying claims,all; normal; mature,Unstable; oral/IV claims are controversial,0,low,caution,varies,both,0.1-2%,,AM/PM,limited,Vitamin C; Niacinamide; Alpha Arbutin,
glycerin,Glycerin,Glycerin,Glycerol; Glycerine,Humectant; Skin-replenishing,The most-used humectant in skincare; a gold-standard hydrator that mimics skin's natural moisture factor.,Reliable hydration; Strengthens barrier; Non-irritating; Boosts other actives,all; dry; sensitive; oily,Sticky feel at very high concentrations,0,low,safe,varies,both,2-10%,,AM/PM,strong,Hyaluronic Acid; Niacinamide; Ceramides; Almost everything,
glyceryl-stearate,Glyceryl Stearate,Glyceryl Stearate,GMS; Glyceryl Monostearate,Emollient; Emulsifier,A common plant-derived emulsifier that binds oil and water while softening skin.,Stabilizes creams; Softens skin; Improves texture; Gentle,all; dry; normal,Well tolerated,1,low,safe,varies,both,1-5%,,AM/PM,moderate,Cetearyl Alcohol; Cetyl Alcohol,
glycolic-acid,Glycolic Acid,Glycolic Acid,AHA; Hydroxyacetic Acid,Exfoliant; AHA; Skin-brightening,"The smallest alpha-hydroxy acid, derived from sugar cane, that exfoliates the skin surface.",Smooths rough texture; Brightens dull skin; Fades dark spots; Boosts radiance,normal; oily; combination; mature,Increases sun sensitivity; Stings sensitive or compromised skin,0,high,safe,yes,both,5-10%,3.0-4.0,PM,strong,Hyaluronic Acid; Niacinamide; Ceramides,Retinol; Ascorbic Acid (Vitamin C); Salicylic Acid; Benzoyl Peroxide
glycyrrhetinic-acid,Glycyrrhetinic Acid,Glycyrrhetinic Acid,Licorice active; Enoxolone,Soothing; Antioxidant,A concentrated licorice-derived active that strongly soothes inflammation and itching.,Anti-inflammatory; Soothes eczema and irritation; Antioxidant; Calms redness,sensitive; dry; all,Well tolerated,0,low,safe,yes,natural,0.1-2%,,AM/PM,moderate,Licorice Root Extract; Centella Asiatica; Niacinamide,
grapeseed-oil,Vitis Vinifera Seed Oil,Grapeseed Oil,Vitis Vinifera,Emollient; Antioxidant,"A light, linoleic-acid-rich oil suited to oily and combination skin, with antioxidant polyphenols.",Lightweight moisture; Antioxidant; Good for oily skin; Non-greasy,oily; combination; normal; acne-prone,Oxidizes relatively quickly,1,low,safe,yes,natural,1-100%,,AM/PM,limited,Squalane; Vitamin E,
green-tea-extract,Camellia Sinensis Leaf Extract,Green Tea Extract,Camellia Sinensis; EGCG source; Green tea polyphenols,Antioxidant; Soothing,"A polyphenol-rich extract whose EGCG content fights free radicals and calms oily, acne-prone skin.",Potent antioxidant; Calms inflammation; Controls sebum; Anti-aging,oily; acne-prone; sensitive; all,Oxidizes; needs stable formulation,0,low,safe,yes,natural,0.1-5%,,AM/PM,moderate,Vitamin C; Niacinamide; Vitamin E,
homosalate,Homosalate,Homosalate,HMS,UV filter,A common chemical UVB filter and solvent for other filters in many sunscreens.,UVB protection; Solubilizes other filters; Lightweight feel,all; oily; normal,UVB only; EU concentration limits under review,0,low,caution,yes,synthetic,4-15%,,AM,strong,Avobenzone; Octisalate,
honey,Mel,Honey,Mel; Honey Extract,Humectant; Soothing; Antioxidant,A natural humectant with antibacterial and antioxidant properties used in masks and cleansers.,Hydrates; Antibacterial for acne; Soothes; Antioxidant,all; dry; acne-prone; sensitive,Not vegan; Rare allergy for bee-product-sensitive users,0,low,safe,no,natural,1-10%,,AM/PM,limited,Aloe Vera; Oat Extract; Glycerin,
hyaluronic-acid,Hyaluronic Acid,Hyaluronic Acid,HA; Hyaluronan,Humectant; Skin-replenishing,A powerhouse humectant that can hold up to 1000x its weight in water for plump hydration.,Intense surface hydration; Plumps fine lines; Suits every skin type; Lightweight,all; dry; sensitive; oily,Can draw moisture out of skin in very dry climates if not sealed with moisturizer,0,low,safe,yes,both,0.1-2%,,AM/PM,strong,Niacinamide; Retinol; Vitamin C; Ceramides; Peptides,
hydrolyzed-collagen,Hydrolyzed Collagen,Hydrolyzed Collagen,Marine collagen; Collagen peptides,Humectant; Skin-replenishing,"Small collagen fragments that act as humectants and film-formers for smoother, plumper skin.",Surface hydration; Temporary plumping; Smooth film; Improves feel,dry; mature; normal; all,Does not replace skin's own collagen; works on the surface,0,low,safe,no,natural,0.5-5%,,AM/PM,limited,Hyaluronic Acid; Glycerin; Peptides,
hydroquinone,Hydroquinone,Hydroquinone,HQ,Skin-brightening,"A potent, regulated skin-lightening agent that strongly inhibits melanin (prescription in many regions).",Powerful fading of dark spots and melasma; Fast visible results,normal; combination,Regulated/banned OTC in EU; Irritation and ochronosis risk with overuse; Use only under guidance,0,high,avoid,yes,synthetic,2-4%,,PM,strong,Sunscreen,Benzoyl Peroxide; Ascorbic Acid (Vitamin C)
hydroxyethylcellulose,Hydroxyethylcellulose,Hydroxyethylcellulose,HEC; Cellulose gum,Thickener; Stabilizer,"A plant-cellulose thickener that builds smooth, non-tacky gels for serums and cleansers.",Smooth gel texture; Stabilizes; Non-irritating; Plant-derived,all,Functional ingredient; no active benefit,0,low,safe,yes,natural,0.2-2%,,AM/PM,moderate,Xanthan Gum; Carbomer,
isopropyl-myristate,Isopropyl Myristate,Isopropyl Myristate,IPM,Emollient; Solvent,A fast-absorbing emollient that reduces greasiness but is notably pore-clogging.,"Light, non-greasy feel; Improves spreadability; Enhances absorption",dry; normal,Highly comedogenic; avoid if acne-prone,5,low,safe,yes,synthetic,1-20%,,AM/PM,moderate,Emollient blends,
jojoba-oil,Simmondsia Chinensis Seed Oil,Jojoba Oil,Simmondsia Chinensis; Jojoba,Emollient; Skin-replenishing,"A liquid wax ester closely resembling human sebum, balancing both oily and dry skin.",Balances oil production; Non-greasy moisture; Soothes; Long shelf life,all; oily; combination; acne-prone; dry,Generally non-comedogenic,2,low,safe,yes,natural,1-100%,,AM/PM,moderate,Squalane; Vitamin E; Retinol,
kojic-acid,Kojic Acid,Kojic Acid,KA,Skin-brightening; Antioxidant,A fungal-derived brightener that blocks melanin formation to fade discoloration.,Fades age spots and melasma; Brightens; Antioxidant; Antimicrobial,normal; combination; oily,Can sensitize skin; Unstable; oxidizes and discolors,0,medium,caution,yes,natural,1-2%,4.0-5.0,AM/PM,moderate,Vitamin C; Niacinamide; Alpha Arbutin,
lactic-acid,Lactic Acid,Lactic Acid,AHA; Milk acid,Exfoliant; AHA; Humectant,"A gentle, hydrating AHA with a larger molecule that exfoliates while drawing in moisture.",Gentle exfoliation; Hydrates as it resurfaces; Brightens; Improves fine lines,dry; sensitive; normal; mature,Photosensitizing; Can sting on application,0,medium,safe,varies,both,5-10%,3.0-4.0,PM,strong,Hyaluronic Acid; Niacinamide; Ceramides,Retinol; Ascorbic Acid (Vitamin C); Benzoyl Peroxide
lactic-acid-bacteria-ferment,Lactobacillus Ferment,Lactobacillus Ferment (Probiotic),Probiotic ferment; Postbiotic,Soothing; Skin-replenishing; Antioxidant,A probiotic-derived ferment that supports the skin microbiome and strengthens the barrier.,Balances skin microbiome; Strengthens barrier; Soothes; Antioxidant,sensitive; all; dry,Emerging evidence,0,low,safe,varies,natural,0.5-5%,,AM/PM,limited,Beta-Glucan; Niacinamide; Hyaluronic Acid,
lactobionic-acid,Lactobionic Acid,Lactobionic Acid (PHA),PHA; Polyhydroxy Bionic Acid,Exfoliant; PHA; Humectant; Antioxidant,"A next-generation PHA that gently exfoliates, hydrates strongly and protects against free radicals.",Gentle resurfacing; Strong humectant; Antioxidant defense; Strengthens barrier,sensitive; dry; mature; all,Premium ingredient; slower than AHAs,0,low,safe,yes,natural,4-10%,3.0-4.0,AM/PM,moderate,Niacinamide; Hyaluronic Acid; Ceramides,
lanolin,Lanolin,Lanolin,Wool wax; Wool grease,Occlusive; Emollient,"A wax from sheep's wool that closely mimics human skin lipids for rich, breathable occlusion.",Rich barrier protection; Mimics skin lipids; Heals chapped skin; Long-lasting,dry; mature; normal,Not vegan; Possible allergy for wool-sensitive users,1,medium,safe,no,natural,1-30%,,PM,moderate,Glycerin; Ceramides,
licorice-root-extract,Glycyrrhiza Glabra Root Extract,Licorice Root Extract,Glycyrrhiza Glabra; Licorice; Glabridin source,Skin-brightening; Soothing; Antioxidant,A botanical brightener whose glabridin fades dark spots while soothing inflammation.,Brightens and evens tone; Calms redness; Antioxidant; Soothes,all; sensitive; mature,Well tolerated,0,low,safe,yes,natural,0.1-2%,,AM/PM,moderate,Vitamin C; Niacinamide; Alpha Arbutin,
madecassoside,Madecassoside,Madecassoside,Centella active; Cica active,Soothing; Antioxidant; Skin-replenishing,"The most active soothing compound isolated from Centella asiatica, prized for calming and repair.",Powerfully calms irritation; Supports barrier repair; Antioxidant; Reduces redness,sensitive; all; dry; acne-prone,Very well tolerated,0,low,safe,yes,natural,0.1-1%,,AM/PM,moderate,Centella Asiatica; Niacinamide; Panthenol,
magnesium-ascorbyl-phosphate,Magnesium Ascorbyl Phosphate,Magnesium Ascorbyl Phosphate (MAP),MAP,Antioxidant; Skin-brightening; Humectant,"A stable, hydrating vitamin C derivative well suited to dry and sensitive skin.",Gentle brightening; Hydrating; Stable at higher pH; Antioxidant,dry; sensitive; all,Milder effect than pure LAA,0,low,safe,yes,synthetic,1-5%,6.0-7.0,AM/PM,moderate,Niacinamide; Hyaluronic Acid; Vitamin E,
mandarin-orange-extract,Citrus Nobilis Peel Extract,Mandarin Orange Extract,Citrus Nobilis,Antioxidant; Skin-brightening,A citrus extract rich in flavonoids and vitamin C that brightens and energizes dull skin.,Brightens dull skin; Antioxidant; Refreshes; Light vitamin C,normal; combination; all,Citrus extracts may be photosensitizing or irritating for some,0,medium,safe,yes,natural,0.1-2%,,AM/PM,limited,Vitamin C; Niacinamide,
mandelic-acid,Mandelic Acid,Mandelic Acid,AHA; Amygdalic acid,Exfoliant; AHA; Skin-brightening,"A large-molecule AHA from bitter almonds that exfoliates slowly, ideal for sensitive and darker skin.",Very gentle exfoliation; Evens tone; Helps acne; Lower irritation risk,sensitive; acne-prone; combination; oily,Mild photosensitivity,0,low,safe,yes,natural,5-10%,3.0-4.0,PM,moderate,Niacinamide; Hyaluronic Acid,Retinol; Ascorbic Acid (Vitamin C)
marula-oil,Sclerocarya Birrea Seed Oil,Marula Oil,Sclerocarya Birrea,Emollient; Antioxidant,A lightweight African oil rich in oleic acid and antioxidants that absorbs quickly.,Fast-absorbing moisture; Antioxidant; Softens; Non-greasy glow,dry; normal; mature,High oleic content may not suit very acne-prone skin,3,low,safe,yes,natural,1-100%,,AM/PM,limited,Squalane; Vitamin E,
matrixyl,Palmitoyl Pentapeptide-4,Matrixyl,Matrixyl; Pal-KTTKS,Anti-aging; Cell-communicating,"A signal peptide that tells skin to produce more collagen for firmer, smoother texture.",Boosts collagen; Reduces wrinkles; Improves firmness; Gentle anti-aging,all; mature; sensitive; dry,Needs consistent long-term use,0,low,safe,yes,synthetic,2-5%,,AM/PM,moderate,Niacinamide; Hyaluronic Acid; Vitamin C,Direct acids (low pH)
mineral-oil,Paraffinum Liquidum,Mineral Oil,Paraffinum Liquidum; Liquid paraffin,Occlusive; Emollient,"A highly purified, inert occlusive that locks in moisture without irritation or scent.",Effective moisture sealing; Non-irritating; Fragrance-free; Stable and cheap,dry; sensitive; normal,Heavy feel; cosmetic-grade is non-comedogenic despite myths,1,low,safe,yes,synthetic,1-100%,,AM/PM,strong,Glycerin; Hyaluronic Acid,
mugwort-extract,Artemisia Vulgaris Extract,Mugwort Extract,Artemisia; Wormwood,Soothing; Antioxidant,"A K-beauty botanical rich in antioxidants that deeply calms sensitive, reactive skin.",Soothes sensitive skin; Antioxidant; Calms redness; Hydrates,sensitive; all; dry,Possible allergy for Asteraceae-sensitive users,0,low,caution,yes,natural,0.1-5%,,AM/PM,limited,Centella Asiatica; Panthenol; Niacinamide,
niacinamide,Niacinamide,Niacinamide,Nicotinamide; Vitamin B3; Vitamin PP,Skin-replenishing; Antioxidant; Skin-brightening; Soothing,A versatile form of vitamin B3 that strengthens the skin barrier and regulates oil.,Minimizes appearance of pores; Evens skin tone; Strengthens moisture barrier; Controls excess sebum,all; oily; acne-prone; sensitive,Very high concentrations (>10%) can cause flushing or irritation in some users,0,low,safe,yes,synthetic,2-10%,5.0-7.0,AM/PM,strong,Hyaluronic Acid; Salicylic Acid; Zinc; Retinol; Hyaluronic Acid,
octinoxate,Ethylhexyl Methoxycinnamate,Octinoxate,Octyl Methoxycinnamate; OMC,UV filter,"A widely used chemical UVB filter, lightweight but reef-restricted in some regions.",UVB protection; Lightweight; No white cast,all; oily; normal,No UVA coverage; Banned in some reef regions; Photo-degrades,0,low,caution,yes,synthetic,2-7.5%,,AM,strong,Avobenzone; Octisalate,
octisalate,Ethylhexyl Salicylate,Octisalate,Octyl Salicylate,UV filter,A gentle chemical UVB filter that also helps stabilize and solubilize other filters.,UVB protection; Stabilizes avobenzone; Water-resistant; Lightweight,all; normal; oily,UVB only; needs UVA partners,0,low,caution,yes,synthetic,3-5%,,AM,strong,Avobenzone; Octocrylene; Homosalate,
octocrylene,Octocrylene,Octocrylene,OC,UV filter,A chemical UVB/short-UVA filter mainly used to stabilize and boost avobenzone.,Stabilizes avobenzone; UVB protection; Water-resistant; Boosts SPF,all; oily; normal,Possible contact allergy; degrades over years of storage,0,low,caution,yes,synthetic,2-10%,,AM,strong,Avobenzone; Homosalate,
palmitoyl-tetrapeptide-7,Palmitoyl Tetrapeptide-7,Palmitoyl Tetrapeptide-7,Pal-GQPR,Anti-aging; Soothing; Cell-communicating,A soothing peptide that reduces inflammatory aging and supports firmer skin.,Calms inflammation; Supports firmness; Reduces glycation damage; Anti-aging,mature; sensitive; all,Gradual results,0,low,safe,yes,synthetic,1-4%,,AM/PM,moderate,Palmitoyl Tripeptide-1; Niacinamide; Hyaluronic Acid,
peptide-complex-tripeptide-1,Palmitoyl Tripeptide-1,Palmitoyl Tripeptide-1,Pal-GHK,Anti-aging; Cell-communicating,A collagen-signaling peptide often paired with Tetrapeptide-7 to firm and rebuild skin.,Stimulates collagen; Firms skin; Reduces wrinkles; Improves elasticity,mature; all; normal,Needs consistent use over months,0,low,safe,yes,synthetic,1-4%,,AM/PM,moderate,Palmitoyl Tetrapeptide-7; Niacinamide; Hyaluronic Acid,
panthenol,Panthenol,Panthenol (Pro-Vitamin B5),Pro-Vitamin B5; Dexpanthenol; Vitamin B5,Humectant; Soothing; Skin-replenishing,"A pro-vitamin B5 that hydrates, soothes and supports wound healing.",Deeply hydrates; Calms irritation and redness; Speeds barrier repair; Softens skin,all; sensitive; dry; acne-prone,Extremely well tolerated; rare allergy,0,low,safe,yes,synthetic,0.5-5%,,AM/PM,strong,Niacinamide; Hyaluronic Acid; Centella Asiatica; Ceramides,
petrolatum,Petrolatum,Petrolatum,Petroleum Jelly; Vaseline; Soft paraffin,Occlusive,"The most effective occlusive known, reducing water loss by up to 99% to lock in moisture.",Maximum moisture sealing; Protects compromised skin; Aids 'slugging'; Non-irritating,dry; sensitive; normal,Heavy feel; can trap impurities if skin isn't clean,0,low,safe,yes,synthetic,1-100%,,PM,strong,Hyaluronic Acid; Glycerin; Ceramides,
phenoxyethanol,Phenoxyethanol,Phenoxyethanol,PE,Preservative,"A widely used, broad-spectrum preservative that keeps formulas free of bacteria and mold.",Prevents microbial growth; Stable across pH; Paraben alternative; Effective at low %,all,Capped at 1% in the EU; Rare sensitivity,0,low,safe,yes,synthetic,0.5-1%,,AM/PM,strong,Ethylhexylglycerin; Caprylyl Glycol,
phytosphingosine,Phytosphingosine,Phytosphingosine,PS,Skin-replenishing; Soothing,A lipid building block of ceramides with soothing and antimicrobial properties.,Supports barrier; Anti-inflammatory; Antimicrobial; Boosts ceramide production,sensitive; dry; acne-prone; all,Well tolerated at low %,0,low,safe,varies,both,0.2-1%,,AM/PM,moderate,Ceramide NP; Cholesterol; Niacinamide,
polyglutamic-acid,Polyglutamic Acid,Polyglutamic Acid,PGA,Humectant; Skin-replenishing,A fermentation-derived humectant said to hold even more moisture than hyaluronic acid at the surface.,Intense surface hydration; Forms a moisture-locking film; Smooths; Plumps,dry; all; normal; mature,Best layered under an occlusive,0,low,safe,yes,natural,0.1-2%,,AM/PM,limited,Hyaluronic Acid; Glycerin; Ceramides,
potassium-sorbate,Potassium Sorbate,Potassium Sorbate,E202,Preservative,A gentle food-grade preservative effective against yeast and mold at low pH.,Mild preservative; Effective vs yeast and mold; Paraben-free option,all; sensitive,Needs acidic pH to work; weak vs bacteria alone,0,low,safe,yes,synthetic,0.1-0.5%,below 6.0,AM/PM,moderate,Sodium Benzoate; Phenoxyethanol,
propanediol,Propanediol,Propanediol,"1,3-Propanediol",Humectant; Solvent,"A plant-derived, skin-friendly humectant and solvent that boosts the delivery of other actives.",Lightweight hydration; Enhances actives; Eco-friendly alternative to glycols,all; sensitive; oily,Well tolerated,0,low,safe,yes,natural,1-10%,,AM/PM,moderate,Salicylic Acid; Niacinamide; Hyaluronic Acid,
propolis-extract,Propolis Extract,Propolis Extract,Bee propolis; Bee glue,Soothing; Antibacterial; Antioxidant,"A bee-derived resin with antibacterial and healing properties popular for glowy, calm skin.",Antibacterial for acne; Soothes and heals; Antioxidant glow; Hydrates,acne-prone; dry; sensitive; all,Not vegan; Avoid if allergic to bee products,0,low,safe,no,natural,1-10%,,AM/PM,limited,Niacinamide; Centella Asiatica; Honey,
resveratrol,Resveratrol,Resveratrol,Grape antioxidant,Antioxidant; Anti-aging,A potent grape- and knotweed-derived antioxidant that defends against environmental aging.,Strong antioxidant; Calms and brightens; Anti-aging; Pairs with night repair,all; mature; normal,Oxidizes; usually used in PM,0,low,caution,yes,natural,0.5-1%,,PM,moderate,Ferulic Acid; Vitamin E; Niacinamide,
retinaldehyde,Retinal,Retinaldehyde,Retinal; Vitamin A aldehyde,Cell-communicating; Anti-aging,"A fast-acting retinoid one step closer to retinoic acid than retinol, with added antibacterial action.",Faster results than retinol; Improves wrinkles and tone; Antibacterial for acne,normal; oily; combination; mature; acne-prone,Still irritating to sensitive skin; Increases photosensitivity,1,high,avoid,yes,synthetic,0.05-0.1%,5.0-6.0,PM,strong,Niacinamide; Hyaluronic Acid; Ceramides,Glycolic Acid; Salicylic Acid; Ascorbic Acid (Vitamin C); Benzoyl Peroxide
retinol,Retinol,Retinol,Vitamin A; ROL,Cell-communicating; Anti-aging; Antioxidant,A gold-standard vitamin A derivative that accelerates cell turnover and boosts collagen.,Reduces fine lines and wrinkles; Smooths texture; Fades hyperpigmentation; Unclogs pores,normal; oily; combination; mature; acne-prone,"Can cause dryness, peeling and irritation during retinization; Increases sun sensitivity",1,high,avoid,yes,synthetic,0.1-1%,5.0-6.0,PM,strong,Niacinamide; Hyaluronic Acid; Peptides; Ceramides,Glycolic Acid; Salicylic Acid; Ascorbic Acid (Vitamin C); Benzoyl Peroxide
retinyl-palmitate,Retinyl Palmitate,Retinyl Palmitate,Vitamin A Palmitate,Cell-communicating; Antioxidant; Anti-aging,"The gentlest, ester form of vitamin A, suited to beginners and sensitive skin.",Mild anti-aging; Antioxidant support; Good retinoid starter; Low irritation,sensitive; dry; normal,Weakest retinoid; slow results; Still best avoided in pregnancy,1,low,avoid,yes,synthetic,0.1-1%,5.0-6.0,PM,moderate,Niacinamide; Hyaluronic Acid; Vitamin E,Glycolic Acid; Ascorbic Acid (Vitamin C)
retinyl-retinoate,Retinyl Retinoate,Retinyl Retinoate,Hybrid retinoid,Cell-communicating; Anti-aging,"A hybrid, more stable and potent retinoid offering strong anti-aging with relatively less irritation.",Potent anti-aging; More stable than retinol; Less irritation than retinoic acid; Boosts collagen,mature; normal; combination,Still a retinoid; avoid in pregnancy and use SPF,1,medium,avoid,yes,synthetic,0.05-0.2%,,PM,limited,Niacinamide; Hyaluronic Acid; Ceramides,Glycolic Acid; Ascorbic Acid (Vitamin C); Benzoyl Peroxide
rosehip-oil,Rosa Canina Fruit Oil,Rosehip Oil,Rosa Canina; Rosehip seed oil,Emollient; Antioxidant,A dry oil rich in linoleic acid and provitamin A that brightens and supports skin renewal.,Brightens and evens tone; Rich in essential fatty acids; Antioxidant; Improves scars,normal; dry; combination; mature,Oxidizes quickly; store cool and dark,1,low,safe,yes,natural,1-100%,,PM,limited,Vitamin E; Squalane; Niacinamide,
salicylic-acid,Salicylic Acid,Salicylic Acid,BHA; Beta Hydroxy Acid,Exfoliant; BHA; Anti-acne,An oil-soluble beta-hydroxy acid that penetrates pores to dissolve sebum and dead skin.,Unclogs and shrinks pores; Reduces blackheads and breakouts; Controls oil; Anti-inflammatory,oily; acne-prone; combination,Can over-dry skin; Mild photosensitivity,0,medium,caution,yes,both,0.5-2%,3.0-4.0,AM/PM,strong,Niacinamide; Hyaluronic Acid; Zinc,Retinol; Ascorbic Acid (Vitamin C); Glycolic Acid; Benzoyl Peroxide
sea-buckthorn-oil,Hippophae Rhamnoides Oil,Sea Buckthorn Oil,Hippophae Rhamnoides,Antioxidant; Emollient,"A vivid orange oil packed with omega fatty acids and carotenoids for nourishing, glowy skin.",Rich in omegas and vitamins; Antioxidant; Supports healing; Nourishes dry skin,dry; mature; normal,Can temporarily tint skin orange,1,low,safe,yes,natural,0.5-5%,,PM,limited,Vitamin E; Squalane; Rosehip Oil,
shea-butter,Butyrospermum Parkii Butter,Shea Butter,Butyrospermum Parkii; Karite butter,Emollient; Occlusive; Soothing,A rich plant butter packed with fatty acids and vitamins that deeply nourishes dry skin.,Rich moisture for dry skin; Soothes and softens; Supports barrier; Anti-inflammatory,dry; normal; mature; sensitive,Too heavy for very oily or acne-prone skin,2,low,safe,yes,natural,1-30%,,AM/PM,moderate,Ceramides; Squalane; Glycerin,
snail-mucin,Snail Secretion Filtrate,Snail Mucin,SSF; Snail filtrate,Humectant; Soothing; Skin-replenishing,A K-beauty staple rich in glycoproteins and hyaluronic acid that hydrates and repairs.,Hydrates and plumps; Supports healing and repair; Improves texture; Soothes,all; dry; sensitive; acne-prone,Not vegan,0,low,safe,no,natural,1-95%,,AM/PM,limited,Hyaluronic Acid; Niacinamide; Centella Asiatica,
sodium-ascorbyl-phosphate,Sodium Ascorbyl Phosphate,Sodium Ascorbyl Phosphate (SAP),SAP,Antioxidant; Skin-brightening,"A stable, water-soluble vitamin C derivative with notable anti-acne benefits.",Gentle brightening; Reduces acne-causing bacteria; Stable at higher pH; Low irritation,all; sensitive; acne-prone; oily,Milder antioxidant effect than LAA,0,low,safe,yes,synthetic,1-5%,6.0-7.0,AM/PM,moderate,Niacinamide; Hyaluronic Acid; Vitamin E,
sodium-benzoate,Sodium Benzoate,Sodium Benzoate,E211,Preservative,"A mild, food-grade preservative effective against bacteria in acidic formulas.",Gentle preservation; Effective vs bacteria at low pH; Often paired with potassium sorbate,all; sensitive,Needs acidic pH; weak alone,0,low,safe,yes,synthetic,0.1-0.5%,below 5.5,AM/PM,moderate,Potassium Sorbate; Phenoxyethanol,
sodium-cocoyl-glycinate,Sodium Cocoyl Glycinate,Sodium Cocoyl Glycinate,Amino acid surfactant,Surfactant; Cleansing,"An amino-acid-based surfactant giving a soft, fluffy lather with a gentle, skin-friendly pH.",Very mild cleansing; Soft lather; Skin-friendly pH; Non-stripping,sensitive; dry; all,Premium vs sulfates,0,low,safe,yes,natural,5-30%,,AM/PM,moderate,Cocamidopropyl Betaine; Glycerin,
sodium-cocoyl-isethionate,Sodium Cocoyl Isethionate,Sodium Cocoyl Isethionate,SCI; Baby foam,Surfactant; Cleansing,"A mild, coconut-derived surfactant prized for creamy lather in syndet bars and cleansers.",Gentle yet effective; Creamy lather; Non-stripping; Great for solid cleansers,all; sensitive; dry,Well tolerated,0,low,safe,yes,natural,10-50%,,AM/PM,moderate,Cocamidopropyl Betaine; Coco-Glucoside,
sodium-hyaluronate,Sodium Hyaluronate,Sodium Hyaluronate,HA salt; Low molecular weight HA,Humectant; Skin-replenishing,The salt form of hyaluronic acid with a smaller molecule that penetrates deeper.,Deeper hydration than HA; Plumps skin; Lightweight; Stable,all; dry; sensitive,Very low molecular weight may irritate sensitive skin in rare cases,0,low,safe,yes,both,0.1-2%,,AM/PM,strong,Niacinamide; Retinol; Vitamin C; Ceramides,
sodium-hydroxide,Sodium Hydroxide,Sodium Hydroxide,Lye; NaOH; Caustic soda,pH adjuster,A strong base used in tiny amounts to neutralize and set a formula's final pH.,Adjusts pH; Activates carbomer gels; Trace use only,all,Caustic in raw form; safe at trace levels in finished products,0,low,safe,yes,synthetic,trace (q.s.),,AM/PM,strong,Carbomer; Acids (to buffer),
sodium-lactate,Sodium Lactate,Sodium Lactate,Lactate salt; NMF component,Humectant; Skin-replenishing,The salt of lactic acid and a natural moisturizing factor that hydrates and buffers pH.,Hydrates; Part of skin's NMF; Buffers pH; Mildly exfoliating at high %,dry; normal; all,Can increase photosensitivity at high levels,0,low,safe,yes,both,1-5%,,AM/PM,moderate,Glycerin; Sodium PCA; Urea,
sodium-laureth-sulfate,Sodium Laureth Sulfate,Sodium Laureth Sulfate (SLES),SLES,Surfactant; Cleansing,"A common foaming cleanser, milder than SLS but still potentially stripping for dry skin.",Strong foaming; Effective cleansing; Inexpensive,oily; normal,Can be drying or stripping for dry/sensitive skin,0,medium,safe,yes,synthetic,5-25%,,AM/PM,moderate,Cocamidopropyl Betaine; Glycerin,
sodium-lauryl-sulfate,Sodium Lauryl Sulfate,Sodium Lauryl Sulfate (SLS),SLS,Surfactant; Cleansing,"A strong, high-foaming anionic surfactant that cleanses powerfully but can strip and irritate skin.",Powerful cleansing; Abundant foam; Inexpensive,oily,Harsh and stripping; Common irritant for sensitive/dry skin,0,high,safe,yes,synthetic,1-15%,,AM/PM,strong,Cocamidopropyl Betaine; Glycerin,
sodium-pca,Sodium PCA,Sodium PCA,NaPCA; Sodium Pyrrolidone Carboxylate,Humectant; Skin-replenishing,A component of skin's natural moisturizing factor that binds water effectively.,Natural-feel hydration; Part of skin's NMF; Lightweight; Improves softness,all; dry; normal,Well tolerated,0,low,safe,yes,synthetic,0.2-2%,,AM/PM,moderate,Hyaluronic Acid; Glycerin; Ceramides,
squalane,Squalane,Squalane,Olive squalane; Sugarcane squalane,Emollient; Skin-replenishing,"A stable, lightweight oil that mimics skin's own sebum for weightless moisture.",Softens without greasiness; Mimics skin lipids; Suits oily and dry skin; Locks in moisture,all; dry; oily; sensitive; acne-prone,Very well tolerated,1,low,safe,varies,both,1-100%,,AM/PM,strong,Retinol; Vitamin C; Niacinamide; Ceramides,
sulfur,Sulfur,Sulfur,Sulphur,Anti-acne; Exfoliant,A traditional keratolytic that dries out blemishes and absorbs excess oil.,Dries blemishes; Absorbs oil; Mildly exfoliates; Helps rosacea and seborrhea,oily; acne-prone; combination,Drying; Distinctive smell,0,medium,safe,yes,natural,3-10%,,PM,moderate,Niacinamide; Hyaluronic Acid,
sweet-almond-oil,Prunus Amygdalus Dulcis Oil,Sweet Almond Oil,Prunus Amygdalus Dulcis,Emollient; Soothing,"A gentle, vitamin-rich oil that softens and soothes dry, sensitive skin.",Softens and soothes; Rich in vitamin E; Gentle; Reduces dryness,dry; sensitive; normal,Avoid if nut-allergic,2,low,safe,yes,natural,1-100%,,AM/PM,limited,Shea Butter; Vitamin E,
tea-tree-oil,Melaleuca Alternifolia Leaf Oil,Tea Tree Oil,Melaleuca Alternifolia; TTO,Anti-acne; Antibacterial; Soothing,An essential oil with antibacterial terpinen-4-ol that helps spot-treat blemishes.,Antibacterial spot treatment; Reduces acne; Anti-inflammatory,oily; acne-prone; combination,Can irritate or sensitize undiluted; Essential oil allergen,0,medium,caution,yes,natural,0.5-5%,,AM/PM,moderate,Niacinamide; Salicylic Acid,
tetrahexyldecyl-ascorbate,Tetrahexyldecyl Ascorbate,THD Ascorbate,THDA; Ascorbyl Tetraisopalmitate,Antioxidant; Skin-brightening,"An oil-soluble, highly stable vitamin C derivative that penetrates deeply with low irritation.",Stable and gentle vitamin C; Brightens; Stimulates collagen; Suits sensitive skin,all; sensitive; dry; mature,Premium cost; Slower visible results than pure LAA,1,low,safe,yes,synthetic,0.5-10%,5.0-7.0,AM/PM,moderate,Vitamin E; Niacinamide; Ferulic Acid,
tinosorb-m,Methylene Bis-Benzotriazolyl Tetramethylbutylphenol,Tinosorb M,Bisoctrizole; MBBT,UV filter,"A hybrid organic-mineral broad-spectrum filter that both absorbs and scatters UV, highly photostable.",Broad-spectrum and photostable; Hybrid action; Boosts SPF; Water-resistant,all; sensitive; normal,Not approved in the US; Can leave slight cast in high amounts,0,low,safe,yes,synthetic,1-10%,,AM,strong,Tinosorb S; Uvinul A Plus,
tinosorb-s,Bis-Ethylhexyloxyphenol Methoxyphenyl Triazine,Tinosorb S,Bemotrizinol; BEMT,UV filter; Antioxidant,"A modern, photostable broad-spectrum filter offering excellent UVA and UVB coverage.",Broad-spectrum and photostable; No white cast; Cosmetically elegant; Stabilizes other filters,all; sensitive; oily; normal,Not approved in the US (available in EU/Asia),0,low,safe,yes,synthetic,1-6%,,AM,strong,Tinosorb M; Avobenzone; Uvinul A Plus,
titanium-dioxide,Titanium Dioxide,Titanium Dioxide,TiO2; Mineral filter,UV filter,"A mineral filter that scatters mainly UVB and shorter UVA rays, often paired with zinc oxide.",UVB and short UVA protection; Gentle; Good for sensitive skin; Stable,sensitive; all; dry,White cast; Weaker on long UVA alone,1,low,safe,yes,both,2-25%,,AM,strong,Zinc Oxide; Antioxidants,
tocopheryl-acetate,Tocopheryl Acetate,Tocopheryl Acetate,Vitamin E Acetate; Stabilized vitamin E,Antioxidant; Emollient,A stable ester of vitamin E that resists oxidation and conditions skin over time.,Stable antioxidant; Moisturizes; Protects formula; Supports barrier,all; dry; normal; mature,Converts to active form more slowly than pure tocopherol,2,low,safe,yes,both,0.5-1%,,AM/PM,moderate,Vitamin C; Ferulic Acid; Squalane,
tranexamic-acid,Tranexamic Acid,Tranexamic Acid,TXA; TA,Skin-brightening; Soothing,A synthetic amino-acid derivative that targets stubborn pigmentation and melasma.,Fades melasma and dark spots; Evens tone; Reduces redness; Gentle on most skin,all; sensitive; mature,Best results take 8-12 weeks,0,low,caution,yes,synthetic,2-5%,,AM/PM,moderate,Niacinamide; Vitamin C; Alpha Arbutin; Kojic Acid,
trehalose,Trehalose,Trehalose,Mycose,Humectant; Antioxidant,A protective sugar that locks in moisture and shields cells from dehydration stress.,Long-lasting hydration; Protects against dryness stress; Antioxidant,all; dry; sensitive,Very well tolerated,0,low,safe,yes,natural,0.5-5%,,AM/PM,limited,Hyaluronic Acid; Glycerin; Ceramides,
urea,Urea,Urea,Carbamide,Humectant; Exfoliant; Skin-replenishing,A dual-action ingredient that hydrates at low doses and gently exfoliates at higher doses.,"Hydrates dry, rough skin; Softens calluses at high %; Part of skin's NMF; Improves penetration",dry; normal; mature,Can sting compromised skin at high concentrations,0,low,safe,yes,synthetic,2-10% (up to 40% for feet),,AM/PM,strong,Ceramides; Glycerin; Lactic Acid,
uvinul-a-plus,Diethylamino Hydroxybenzoyl Hexyl Benzoate,Uvinul A Plus,DHHB,UV filter,"A photostable chemical UVA filter offering elegant, broad long-wave UVA protection.","Strong, stable UVA protection; No white cast; Cosmetically elegant",all; normal; oily,Not approved in the US,0,low,safe,yes,synthetic,1-10%,,AM,strong,Tinosorb S; Tinosorb M,
ascorbic-acid,Ascorbic Acid,Vitamin C (L-Ascorbic Acid),L-Ascorbic Acid; LAA; Vitamin C,Antioxidant; Skin-brightening,"The purest, most-studied form of vitamin C that neutralizes free radicals and brightens.",Brightens and evens tone; Boosts collagen synthesis; Defends against UV and pollution; Fades dark spots,normal; combination; oily; mature,Unstable and oxidizes easily; Can sting sensitive skin at low pH,0,medium,safe,yes,synthetic,5-20%,2.5-3.5,AM,strong,Vitamin E; Ferulic Acid; Hyaluronic Acid; Sunscreen,Retinol; Niacinamide; Benzoyl Peroxide; AHAs
tocopherol,Tocopherol,Vitamin E,Vitamin E; Tocopheryl Acetate (ester form),Antioxidant; Emollient; Soothing,A fat-soluble antioxidant that protects lipids and supercharges vitamin C.,Neutralizes free radicals; Moisturizes; Supports barrier repair; Stabilizes oils,dry; normal; mature; sensitive,Can be comedogenic for very oily skin at high levels; Rare contact allergy,2,low,safe,yes,both,0.5-1%,,AM/PM,strong,Vitamin C; Ferulic Acid; Squalane,
witch-hazel,Hamamelis Virginiana Extract,Witch Hazel,Hamamelis Virginiana,Soothing; Antioxidant; Astringent,"A tannin-rich botanical astringent that tightens pores and calms oily, blemish-prone skin.",Astringent and pore-refining; Soothing antioxidant; Reduces excess oil,oily; combination; acne-prone,Alcohol-distilled versions can be drying,0,medium,safe,yes,natural,1-10%,,AM/PM,limited,Niacinamide; Salicylic Acid,
xanthan-gum,Xanthan Gum,Xanthan Gum,Polysaccharide gum,Thickener; Stabilizer,A fermentation-derived natural gum that thickens and stabilizes water-based formulas.,Thickens gels and serums; Stabilizes emulsions; Natural-derived; Improves texture,all,Can feel tacky if overused,0,low,safe,yes,natural,0.1-1%,,AM/PM,moderate,Carbomer; Hyaluronic Acid,
niacinamide-zinc,Zinc,Zinc (Sebum control),Zinc Gluconate; Zinc salts,Anti-acne; Soothing,"Zinc salts that help regulate oil and calm blemish-prone skin, often paired with niacinamide.",Controls sebum; Calms acne; Soothes; Antibacterial,oily; acne-prone; combination,Well tolerated at cosmetic levels,0,low,safe,yes,synthetic,0.1-2%,,AM/PM,moderate,Niacinamide; Salicylic Acid,
zinc-oxide,Zinc Oxide,Zinc Oxide,ZnO; Mineral filter,UV filter; Soothing,A mineral (physical) broad-spectrum filter that reflects UVA and UVB while calming skin.,Broad-spectrum UVA/UVB; Gentle for sensitive skin; Soothing and anti-inflammatory; Reef-friendlier,sensitive; acne-prone; all; dry,Can leave a white cast; Heavier finish than chemical filters,1,low,safe,yes,both,5-25%,,AM,strong,Niacinamide; Antioxidants; Titanium Dioxide,
zinc-pca,Zinc PCA,Zinc PCA,Zinc Pyrrolidone Carboxylate,Soothing; Anti-acne; Humectant,A zinc salt that regulates oil and calms blemish-prone skin while lightly hydrating.,Controls sebum; Calms acne; Antibacterial; Light hydration,oily; acne-prone; combination,Well tolerated,0,low,safe,yes,synthetic,0.1-1%,,AM/PM,moderate,Niacinamide; Salicylic Acid,
